DK,4,I,46,2018,1,H,X,VFD,4030,2018.01.02,2018.01.02,08:37,10:09,73,183,F2364-LA SIR,100,D-228,D-133,DISTRIBUCION,RED AEREA,N,16836,92,0.031645,533754,0.031542621,0.112,S,R,0,F2364-LA SIR,9FB79,N,-1,N,-1,K0403188323,1
DK,4,I,19,2018,1,F,X,TXS,4030,2018.01.05,2018.01.05,09:12,14:51,56,58,1NTE 4OTE,100,D-309,D-133,DISTRIBUCION,RED AEREA,N,19662,339,0.036957,533754,0.036837195,0.316,S,R,0,1NTE 4OTE,9FA6H,N,-1,N,-1,K0403188323,2
DK,4,I,25,2018,1,F,X,AAA,4015,2018.01.08,2018.01.08,18:40,20:49,28,115,BOMBEO,100,D-228,D-145,DISTRIBUCION,RED AEREA,N,14835,129,0.027884,533754,0.027793703,0.06,S,R,0,BOMBEO,9L0D8,N,-1,N,-1,K0403188323,3
DK,4,I,73,2018,1,G,G,TXN,4020,2018.01.08,2018.01.08,14:27,18:26,125,150,F0626-A.BAJA,0,D-228,D-145,DISTRIBUCION,RED AEREA,N,35850,239,0.067384,533754,0.067165773,0.498,S,R,0,F0626-A.BAJA,9AMNK,N,-1,N,-1,K0403188223,4
DK,4,I,32,2018,1,H,X,VFD,4030,2018.01.10,2018.01.10,14:52,22:00,98,162,F2368-CATARI,100,D-228,D-145,DISTRIBUCION,RED AEREA,N,69336,428,0.130325,533754,0.129902539,0.699,S,R,0,F2368-CATARI,K853R,N,-1,N,-1,K0403189676,5
DK,4,I,40,2018,1,F,X,GIA,4010,2018.01.12,2018.01.12,13:24,15:08,49,66,SALVADOR URB,100,D-228,D-145,DISTRIBUCION,RED AEREA,N,6864,104,0.012902,533754,0.012859857,0.085,S,R,0,SALVADOR URB,9L0D8,N,-1,N,-1,K0403191025,6
DK,4,I,52,2018,1,H,X,VFD,4010,2018.01.13,2018.01.13,19:07,20:13,49,185,F2209-7 PTE,100,D-228,D-145,DISTRIBUCION,RED AEREA,N,12210,66,0.02295,533754,0.022875707,0.054,S,R,0,F2209-7 PTE,9M96L,N,-1,N,-1,K0403191286,7
DK,4,I,60,2018,1,G,G,TGU,4040,2018.01.14,2018.01.14,08:22,09:31,396,148,F0167-FCOSAB,0,D-228,D-145,DISTRIBUCION,RED AEREA,N,10212,69,0.019195,533754,0.019132409,0.455,S,R,0,F0167-FCOSAB,K852R,N,-1,N,-1,K0403191308,8
DK,4,I,55,2018,1,F,X,TGD,4090,2018.01.14,2018.01.14,10:38,22:19,59,73,LLANO TIGRE,100,D-233,D-133,DISTRIBUCION,RED AEREA,N,51173,701,0.096185,533754,0.095873755,0.689,S,R,0,LLANO TIGRE,9L0D8,N,-1,N,-1,K0403191332,9
DK,4,I,151,2018,1,I,X,LMX,4012,2018.01.14,2018.01.14,19:20,19:38,1852,5829,LETRAS,100,D-228,D-133,DISTRIBUCION,RED AEREA,N,104922,18,0.197213,533754,0.196573702,0.556,S,T,0,0,9MNTB,N,-1,N,-1,K0403188323,10
DK,4,I,95,2018,1,I,X,LMX,4012,2018.01.14,2018.01.14,13:00,19:20,125,760,NVA LIBERACI,100,D-228,D-133,DISTRIBUCION,RED AEREA,N,288800,380,0.542832,533754,0.541073228,0.792,S,R,0,NVA LIBERACI,9MNTB,N,-1,N,-1,K0403188323,11
DK,4,I,99,2018,1,I,X,LMX,4012,2018.01.14,2018.01.15,19:38,16:00,125,760,NVA LIBERACI,100,D-228,D-133,DISTRIBUCION,RED AEREA,N,928720,1222,1.745632,533754,1.739977593,2.546,S,R,0,NVA LIBERACI,9MNTB,N,-1,N,-1,K0403188323,12
DK,4,I,102,2018,1,I,X,LMX,4012,2018.01.16,2018.01.16,12:53,16:02,75,464,*-F1552-ELOY,100,D-228,D-151,DISTRIBUCION,RED AEREA,N,87696,189,0.164834,533754,0.164300408,0.236,S,R,0,*-F1552-ELOY,PM926,N,1513,N,-1,K0403188323,13
DK,4,I,92,2018,1,F,X,GIA,4020,2018.01.18,2018.01.18,10:12,11:55,89,150,EL MIRADOR,100,D-242,D-151A,DISTRIBUCION,RED AEREA,N,15450,103,0.02904,533754,0.028945919,0.153,S,R,0,EL MIRADOR,9B57L,N,-1,N,-1,K0403188323,14
DK,4,I,91,2018,1,F,X,JUY,4010,2018.01.18,2018.01.18,12:05,18:05,55,80,LIMONES,100,D-309,D-133,DISTRIBUCION,RED AEREA,N,28800,360,0.054133,533754,0.053957441,0.33,S,R,0,LIMONES,9EX41,N,-1,N,-1,K0403193353,15
DK,4,I,103,2018,1,H,X,LGZ,4010,2018.01.18,2018.01.18,17:54,18:40,50,30,F2444,100,D-228,D-133,DISTRIBUCION,RED AEREA,N,1380,46,0.002594,533754,0.002585461,0.038,S,R,0,F2444,K853R,N,-1,N,-1,K0403193377,16
DK,4,I,115,2018,1,G,G,TGU,4060,2018.01.19,2018.01.19,09:15,10:46,79,93,F0403-8APONI,0,D-228,D-145,DISTRIBUCION,RED AEREA,N,8463,91,0.015907,533754,0.015855619,0.12,S,R,0,F0403-8APONI,9B51C,N,-1,N,-1,K0403193500,17
DK,4,I,97,2018,1,F,X,JUY,4010,2018.01.19,2018.01.19,04:17,14:30,15,33,OBREGON,100,D-228,D-133,DISTRIBUCION,RED AEREA,N,20229,613,0.038023,533754,0.037899482,0.153,S,R,0,OBREGON,9FMH2,N,-1,N,-1,K0403193435,18
DK,4,I,109,2018,1,I,X,PED,4015,2018.01.19,2018.01.19,08:32,13:30,65,88,DIAZ ORD,100,D-228,D-145,DISTRIBUCION,RED AEREA,N,26224,298,0.049291,533754,0.049131248,0.323,S,R,0,DIAZ ORD,QQ603,N,-1,N,-1,K0403188323,19
DK,4,I,118,2018,1,G,G,MAA,4040,2018.01.19,2018.01.19,13:00,16:45,90,80,F0456 L-MACT,0,D-228,D-145,DISTRIBUCION,RED AEREA,N,18000,225,0.033833,533754,0.033723401,0.338,S,R,0,F0456 L-MACT,K853R,N,-1,N,-1,K0403193772,20
DK,4,I,106,2018,1,F,X,RDB,4035,2018.01.20,2018.01.20,08:29,13:36,27,40,RAMAL PACU 1,100,D-243,D-133,DISTRIBUCION,RED AEREA,N,12280,307,0.023082,533754,0.023006853,0.138,S,R,0,RAMAL PACU 1,9M933,N,-1,N,-1,K0403188323,21
DK,4,I,117,2018,1,G,G,TGU,4020,2018.01.22,2018.01.22,14:29,17:42,72,132,F0065-SUBMAZ,0,D-228,D-133,DISTRIBUCION,RED AEREA,N,25476,193,0.047885,533754,0.047729853,0.232,S,R,0,F0065-SUBMAZ,K853R,N,-1,N,-1,K0403194507,22
DK,4,I,122,2018,1,G,G,TGU,4020,2018.01.22,2018.01.22,08:00,10:15,46,52,F0025-CHAPUL,0,D-228,D-145,DISTRIBUCION,RED AEREA,N,7020,135,0.013195,533754,0.013152126,0.103,S,R,0,F0025-CHAPUL,9B51C,N,-1,N,-1,K0403194170,23
DK,4,I,116,2018,1,I,X,MPE,4025,2018.01.22,2018.01.22,08:48,16:10,22,57,ESPERANZA DE,100,D-228,D-145,DISTRIBUCION,RED AEREA,N,25194,442,0.047355,533754,0.04720152,0.162,S,R,0,ESPERANZA DE,9M96L,N,-1,N,-1,K0403194191,24
DK,4,I,138,2018,1,I,X,CIT,4010,2018.01.23,2018.01.23,08:44,13:43,6,12,RAM GUACAMAY,100,D-228,D-125E,DISTRIBUCION,RED AEREA,N,3588,299,0.006744,533754,0.006722198,0.03,S,R,0,RAM GUACAMAY,9M9C4,N,-1,N,-1,K0403194864,25
DK,4,I,141,2018,1,G,G,TXN,4050,2018.01.24,2018.01.24,09:13,13:14,110,160,F0676-5A ORI,0,D-228,D-145,DISTRIBUCION,RED AEREA,N,38560,241,0.072478,533754,0.072243018,0.442,S,R,0,F0676-5A ORI,9B51C,N,-1,N,-1,K0403195880,26
DK,4,I,142,2018,1,G,G,TGU,4020,2018.01.24,2018.01.24,05:07,13:45,26,50,F0044-P.A.N3,0,D-228,D-125E,DISTRIBUCION,RED AEREA,N,25900,518,0.048682,533754,0.048524227,0.225,S,R,0,F0044-P.A.N3,9B51C,N,-1,N,-1,K0403195388,27
DK,4,W,1,2018,1,W,X,ANG,73730,2018.01.08,2018.01.08,06:23,06:23,0,0,S,100,,W-A62,DISTRIBUCION,LINEAS DE SUB,n,0,0,0,533754,0,0,N,T,0,0,9B56D,N,-1,S,-1,K0403188323,28
DK,4,I,216,2018,2,F,X,JUY,4010,2018.02.01,2018.02.02,20:47,12:35,23,34,OBREGON,100,D-243,D-133,DISTRIBUCION,RED AEREA,N,32232,948,0.060534,533754,0.060387369,0.363,S,R,0,OBREGON,9MNYH,N,-1,N,-1,K0403188323,29
DK,4,I,219,2018,2,H,X,LGZ,4040,2018.02.01,2018.02.01,19:31,20:55,75,115,F2517-PORTIL,100,D-228,D-145,DISTRIBUCION,RED AEREA,N,9660,84,0.018142,533754,0.018098225,0.105,S,R,0,F2517-PORTIL,9MNTA,N,-1,N,-1,K0403199692,30
DK,4,I,236,2018,2,F,X,COP,4032,2018.02.05,2018.02.05,11:15,19:33,64,66,LUIS ESPINOZ,100,D-251,D-133,DISTRIBUCION,RED AEREA,N,32868,498,0.061729,533754,0.06157893,0.531,S,R,0,LUIS ESPINOZ,9FEA2,N,-1,N,-1,K0403188323,31
DK,4,I,227,2018,2,I,X,OCZ,4050,2018.02.06,2018.02.06,14:25,17:03,150,231,VICENTE GRO,100,D-233,D-133,DISTRIBUCION,RED AEREA,N,36498,158,0.068546,533754,0.068379815,0.395,S,R,0,VICENTE GRO,9B57E,N,-1,N,-1,K0403201301,32
DK,4,I,347,2018,2,H,X,VFD,4030,2018.02.15,2018.02.15,10:01,12:52,44,142,F2361 AMTES,100,D-228,D-145,DISTRIBUCION,RED AEREA,N,24282,171,0.045604,533754,0.045492868,0.125,S,R,0,F2361 AMTES,9FEAF,N,-1,N,-1,K0403188323,33
DK,4,I,289,2018,2,G,G,TXN,4020,2018.02.15,2018.02.15,10:34,12:00,145,165,F0642-C.C.1,0,D-228,D-145,DISTRIBUCION,RED AEREA,N,14190,86,0.02665,533754,0.026585281,0.208,S,R,0,F0642-C.C.1,9B51C,N,-1,N,-1,K0403204712,34
DK,4,I,292,2018,2,G,G,TGD,4060,2018.02.16,2018.02.17,22:55,00:00,125,112,F0548-INSURG,0,D-228,D-133,DISTRIBUCION,RED AEREA,N,7280,65,0.013672,533754,0.013639242,0.135,S,R,0,F0548-INSURG,9DY4F,N,-1,N,-1,K0403205607,35
DK,4,I,295,2018,2,J,X,SMJ,4012,2018.02.17,2018.02.17,07:43,13:03,55,43,COL SAN JOSE,100,D-228,D-145,DISTRIBUCION,RED AEREA,N,13760,320,0.025842,533754,0.025779666,0.293,S,R,0,COL SAN JOSE,9M92B,N,-1,N,-1,K0403205611,36
DK,4,I,329,2018,2,I,X,OCZ,4020,2018.02.18,2018.02.18,11:50,14:30,35,56,RAMAL,100,D-319,D-145,DISTRIBUCION,RED AEREA,N,8960,160,0.016828,533754,0.016786759,0.093,S,R,0,RAMAL,9MNT3,N,-1,N,-1,K0403188323,37
DK,4,I,288,2018,2,F,X,JUY,4030,2018.02.18,2018.02.18,14:27,15:20,500,5,BOMBEO SAN F,100,D-251,D-133,DISTRIBUCION,RED AEREA,N,265,53,0.000498,533754,0.000496483,0.442,S,R,0,BOMBEO SAN F,9FEA2,N,-1,N,-1,K0403188323,38
DK,4,I,287,2018,2,F,Xg,GIA,4030,2018.02.18,2018.02.18,16:11,18:20,72,139,BARTOLOME,100,D-228,D-145,DISTRIBUCION,RED AEREA,N,17931,129,0.033676,533754,0.033594128,0.155,S,R,0,BARTOLOME,9DW0G,N,-1,N,-1,K0403205948,39
DK,4,I,338,2018,2,G,G,TXN,4010,2018.02.20,2018.02.20,20:18,23:45,50,52,F0330-ROSARI,0,D-228,D-145,DISTRIBUCION,RED AEREA,N,10764,207,0.020216,533754,0.020166594,0.172,S,R,0,F0330-ROSARI,K853R,N,-1,N,-1,K0403207651,40
DK,4,I,340,2018,2,G,G,TXN,4010,2018.02.21,2018.02.22,23:21,02:59,50,82,F0327-PARAI2,0,D-228,D-133,DISTRIBUCION,RED AEREA,N,17876,218,0.033573,533754,0.033491084,0.182,S,R,0,F0327-PARAI2,9B57E,N,-1,N,-1,K0403208186,41
DK,4,I,353,2018,2,F,X,GIA,5010,2018.02.23,2018.02.23,11:06,20:33,46,59,EST SN,100,D-228,D-133,DISTRIBUCION,RED AEREA,N,33453,567,0.062828,533754,0.06267494,0.435,S,R,0,EST SN,9AMNK,N,-1,N,-1,K0403208817,42
DK,4,I,333,2018,2,F,X,GIA,4010,2018.02.23,2018.02.23,07:11,19:22,26,34,ZARAGOZA,100,D-228,D-145,DISTRIBUCION,RED AEREA,N,24854,731,0.046678,533754,0.046564522,0.317,S,R,0,ZARAGOZA,9DW0G,N,-1,N,-1,K0403208640,43
DK,4,I,350,2018,2,G,G,TGU,4050,2018.02.25,2018.02.25,15:50,17:20,60,106,F0366-4ASURP,0,D-228,D-145,DISTRIBUCION,RED AEREA,N,9540,90,0.017917,533754,0.017873402,0.09,S,R,0,F0366-4ASURP,9FB76,N,-1,N,-1,K0403209313,44
DK,4,I,336,2018,2,F,X,GIA,5010,2018.02.25,2018.02.25,16:42,17:22,20,20,EST 43A,100,D-228,D-133,DISTRIBUCION,RED AEREA,N,800,40,0.001502,533754,0.001498818,0.013,S,R,0,EST 43A,9DW0G,N,-1,N,-1,K0403188323,45
DK,4,I,371,2018,2,H,X,VFD,4050,2018.02.26,2018.02.26,08:15,11:10,140,8,F2248- U DEP,100,D-228,D-145,DISTRIBUCION,RED AEREA,N,1400,175,0.002629,533754,0.002622931,0.408,S,R,0,F2248- U DEP,9FEA3,N,-1,N,-1,K0403209367,46
DK,4,I,370,2018,2,H,X,IPD,4020,2018.02.26,2018.02.28,13:38,14:32,9,5,F2278-CHICHA,100,D-228,D-133,DISTRIBUCION,RED AEREA,N,14670,2934,0.027552,533754,0.027484572,0.44,S,R,0,F2278-CHICHA,9FEA3,N,-1,N,-1,K0403209841,47
DK,4,I,369,2018,2,H,X,VFD,4020,2018.02.27,2018.02.27,12:12,14:05,30,59,V.HGO.CAMINO,100,D-228,D-145,DISTRIBUCION,RED AEREA,N,6667,113,0.012521,533754,0.012490773,0.057,S,R,0,V.HGO.CAMINO,QU619,N,-1,N,-1,K0403210531,48
DK,4,I,378,2018,3,G,G,TXN,4010,2018.03.01,2018.03.01,08:56,10:42,53,83,F0322-MANGU3,0,D-228,D-145,DISTRIBUCION,RED AEREA,N,8798,106,0.016511,533754,0.016483249,0.094,S,R,0,F0322-MANGU3,9B51C,N,-1,N,-1,K0403211888,49
DK,4,I,391,2018,3,H,X,LGZ,4010,2018.03.02,2018.03.02,13:37,16:51,1,8,SINALOENSE,100,D-228,D-145,DISTRIBUCION,RED AEREA,N,1552,194,0.002913,533754,0.002907707,0.003,S,R,0,SINALOENSE,K860R,N,-1,N,-1,K0403212478,50
DK,4,I,397,2018,3,F,X,GIA,4010,2018.03.02,2018.03.02,15:18,15:22,3998,0,LETRAS,100,D-228,D-151A,DISTRIBUCION,RED AEREA,n,0,4,0,533754,0,0.267,S,T,0,0,9FLGD,N,-1,N,-1,K0403188323,51
DK,4,I,392,2018,3,H,X,VFD,4010,2018.03.02,2018.03.02,20:40,21:40,42,102,F2213 4 PTE,100,D-228,D-153,DISTRIBUCION,RED AEREA,N,6120,60,0.011485,533754,0.011465956,0.042,S,R,0,F2213 4 PTE,K860R,N,-1,N,-1,K0403212573,52
DK,4,I,390,2018,3,H,X,VFD,4020,2018.03.02,2018.03.02,08:00,10:51,8,80,F2228- 8 OTE,100,D-255,D-133,DISTRIBUCION,RED AEREA,N,13680,171,0.025673,533754,0.025629785,0.023,S,R,0,F2228- 8 OTE,9MNNF,N,-1,N,-1,K0403212278,53
DK,4,I,382,2018,3,G,G,TXN,4080,2018.03.02,2018.03.02,11:37,13:05,60,60,F0214-CCF 3D,0,D-228,D-145,DISTRIBUCION,RED AEREA,N,5280,88,0.009909,533754,0.009892198,0.088,S,R,0,F0214-CCF 3D,9B51C,N,-1,N,-1,K0403212381,54
DK,4,I,386,2018,3,G,G,MAA,4040,2018.03.03,2018.03.03,09:05,13:09,126,60,F0487-16 SUR,0,D-228,D-133,DISTRIBUCION,RED AEREA,N,14640,244,0.027475,533754,0.027428366,0.512,S,R,0,F0487-16 SUR,K853R,N,-1,N,-1,K0403212608,55
DK,4,I,389,2018,3,G,G,TGU,4020,2018.03.04,2018.03.04,03:54,09:07,33,82,F0127-SAHOP,0,D-228,D-133,DISTRIBUCION,RED AEREA,N,25666,313,0.048167,533754,0.048085822,0.172,S,R,0,F0127-SAHOP,K853R,N,-1,N,-1,K0403212688,56
DK,4,I,388,2018,3,G,G,TGD,4070,2018.03.04,2018.03.04,10:39,11:57,60,100,F0495-S.MAGI,0,D-228,D-145,DISTRIBUCION,RED AEREA,N,7800,78,0.014638,533754,0.014613474,0.078,S,R,0,F0495-S.MAGI,K853R,N,-1,N,-1,K0403212693,57
DK,4,I,399,2018,3,F,X,GIA,4030,2018.03.04,2018.03.04,01:15,06:00,86,92,CARMEN TONAP,100,D-242,D-133,DISTRIBUCION,RED AEREA,N,26220,285,0.049207,533754,0.049123754,0.408,S,R,0,CARMEN TONAP,9B569,N,-1,N,-1,K0403188323,58
DK,4,I,606,2018,3,G,G,RDB,4015,2018.03.04,2018.03.04,13:50,20:37,1,112,F0857,0,D-228,D-153,DISTRIBUCION,RED AEREA,N,45584,407,0.085547,533754,0.085402639,0.007,S,R,0,F0857,9M92E,N,-1,N,-1,K0403188323,59
DK,4,I,410,2018,3,I,X,MPE,4025,2018.03.07,2018.03.07,09:43,10:30,30,83,CAMP CHINT,100,D-228,D-145,DISTRIBUCION,RED AEREA,N,3901,47,0.007321,533754,0.00730861,0.024,S,R,0,CAMP CHINT,9B57P,N,-1,N,-1,K0403214045,60
DK,4,I,408,2018,3,H,X,VFD,4020,2018.03.07,2018.03.07,12:32,14:00,20,60,V.HGO.CAMINO,100,D-319,D-145,DISTRIBUCION,RED AEREA,N,5280,88,0.009909,533754,0.009892198,0.029,S,R,0,V.HGO.CAMINO,9MNNF,N,-1,N,-1,K0403214158,61
DK,4,I,460,2018,3,H,X,LGZ,4010,2018.03.07,2018.03.07,09:12,12:01,11,50,F2464-MELCHO,100,D-228,D-145,DISTRIBUCION,RED AEREA,N,8450,169,0.015858,533754,0.015831263,0.031,S,R,0,F2464-MELCHO,9M92W,N,-1,N,-1,K0403188323,62
DK,4,I,421,2018,3,F,X,JUY,4010,2018.03.09,2018.03.09,11:16,17:15,46,67,ZAPOTE,100,D-228,D-145,DISTRIBUCION,RED AEREA,N,24053,359,0.04514,533754,0.045063831,0.275,S,R,0,ZAPOTE,9DW0G,N,-1,N,-1,K0403188323,63
DK,4,I,423,2018,3,F,X,GIA,5010,2018.03.09,2018.03.09,13:32,21:45,41,55,EST 141,100,D-228,D-145,DISTRIBUCION,RED AEREA,N,27115,493,0.050886,533754,0.050800556,0.337,S,R,0,EST 141,9DW0G,N,-1,N,-1,K0403188323,64
DK,4,I,424,2018,3,F,X,GIA,4010,2018.03.09,2018.03.09,16:43,23:20,59,70,MONTE RICO,100,D-228,D-145,DISTRIBUCION,RED AEREA,N,27790,397,0.052153,533754,0.052065184,0.39,S,R,0,MONTE RICO,9DW0G,N,-1,N,-1,K0403188323,65
DK,4,I,422,2018,3,F,X,JUY,4010,2018.03.09,2018.03.09,16:25,18:42,45,100,CARDENAS,100,D-228,D-145,DISTRIBUCION,RED AEREA,N,13700,137,0.025711,533754,0.025667255,0.103,S,R,0,CARDENAS,9DW0G,N,-1,N,-1,K0403188323,66
DK,4,I,458,2018,3,J,X,SOY,4025,2018.03.09,2018.03.09,08:50,09:59,36,46,LETRAS,100,D-228,D-133,DISTRIBUCION,RED AEREA,N,3174,69,0.005957,533754,0.00594656,0.041,S,T,0,0,9AMNX,N,-1,N,-1,K0403188323,67
DK,4,I,431,2018,3,I,X,CIT,4010,2018.03.09,2018.03.09,08:20,13:42,61,120,MELCHOR OCAM,100,D-228,D-134,DISTRIBUCION,RED AEREA,N,38640,322,0.072515,533754,0.0723929,0.327,S,R,0,MELCHOR OCAM,9M9C4,N,-1,N,-1,K0403214795,68
DK,4,I,428,2018,3,H,X,LGZ,4010,2018.03.10,2018.03.10,14:51,17:05,4,71,F2433 GRANO2,100,D-228,D-145,DISTRIBUCION,RED AEREA,N,9514,134,0.017855,533754,0.017824691,0.009,S,R,0,F2433 GRANO2,K853R,N,-1,N,-1,K0403215181,69
DK,4,I,433,2018,3,F,X,GIA,4010,2018.03.11,2018.03.11,10:57,13:32,10,13,2OTE 2SUR,100,D-228,D-145,DISTRIBUCION,RED AEREA,N,2015,155,0.003782,533754,0.003775147,0.026,S,R,0,2OTE 2SUR,9MNT1,N,-1,N,-1,K0403215218,70
DK,4,I,426,2018,3,F,X,JUY,4010,2018.03.11,2018.03.11,18:27,21:40,45,100,16 DE SEP. S,100,D-228,D-145,DISTRIBUCION,RED AEREA,N,19300,193,0.03622,533754,0.03615898,0.145,S,R,0,16 DE SEP. S,9DW0G,N,-1,N,-1,K0403215269,71
DK,4,I,457,2018,3,I,X,LMX,4012,2018.03.14,2018.03.14,12:23,18:47,37,68,NVA LIBERTAD,100,D-228,D-145,DISTRIBUCION,RED AEREA,N,26112,384,0.049004,533754,0.048921413,0.237,S,R,0,NVA LIBERTAD,K853R,N,-1,N,-1,K0403217133,72
DK,4,I,456,2018,3,G,G,TGD,4100,2018.03.14,2018.03.14,13:52,14:34,52,109,F0610-TERMIN,0,D-228,D-123M,DISTRIBUCION,RED AEREA,N,4578,42,0.008591,533754,0.008576985,0.036,S,R,0,F0610-TERMIN,9B51C,N,1735,N,-1,K0403217217,73
DK,4,I,434,2018,3,G,G,TGU,4040,2018.03.14,2018.03.14,08:07,09:52,60,86,F0169-ARAMON,0,D-228,D-145,DISTRIBUCION,RED AEREA,N,9030,105,0.016947,533754,0.016917906,0.105,S,R,0,F0169-ARAMON,9B51C,N,-1,N,-1,K0403216967,74
DK,4,I,654,2018,3,H,X,VFD,4020,2018.03.15,2018.03.15,11:43,12:31,46,104,F2225- 2 SUR,100,D-228,D-123M,DISTRIBUCION,RED AEREA,N,4992,48,0.009368,533754,0.009352623,0.037,S,R,0,F2225- 2 SUR,G431N,N,1735,N,-1,K0403188323,75
DK,4,I,489,2018,3,G,G,MAA,4050,2018.03.16,2018.03.16,08:43,11:30,50,106,F0905,0,D-228,D-145,DISTRIBUCION,RED AEREA,N,17702,167,0.033221,533754,0.033165091,0.139,S,R,0,F0905,9B51C,N,-1,N,-1,K0403217868,76
DK,4,I,485,2018,3,G,G,TGD,4090,2018.03.16,2018.03.16,09:53,12:22,320,133,F0310,0,D-292,D-145,DISTRIBUCION,RED AEREA,N,19817,149,0.03719,533754,0.037127591,0.795,S,R,0,F0310,9B51C,N,-1,N,-1,K0403217898,77
DK,4,I,479,2018,3,I,X,OCZ,4040,2018.03.16,2018.03.16,09:04,14:56,2,10,RINCON DE LA,100,D-252,D-133,DISTRIBUCION,RED AEREA,N,3520,352,0.006606,533754,0.006594798,0.012,S,R,0,RINCON DE LA,9M9C4,N,-1,N,-1,K0403217872,78
DK,4,I,490,2018,3,G,G,MAA,4020,2018.03.17,2018.03.17,13:45,15:15,80,126,F0431-PARQUE,0,D-228,D-145,DISTRIBUCION,RED AEREA,N,11340,90,0.021282,533754,0.021245742,0.12,S,R,0,F0431-PARQUE,K852R,N,-1,N,-1,K0403218195,79
DK,4,I,503,2018,3,H,X,LGZ,4030,2018.03.17,2018.03.17,08:54,16:36,20,70,F2503-PORTIL,100,D-251,D-133,DISTRIBUCION,RED AEREA,N,32340,462,0.060692,533754,0.06058971,0.154,S,R,0,F2503-PORTIL,9FGCU,N,-1,N,-1,K0403218182,80
DK,4,I,492,2018,3,H,X,IPD,4042,2018.03.18,2018.03.18,12:16,14:20,46,245,F2319-GPE,100,D-228,D-147,DISTRIBUCION,RED AEREA,N,30380,124,0.057014,533754,0.056917606,0.095,S,R,0,F2319-GPE,9FGCU,N,1793,N,-1,K0403218283,81
DK,4,I,495,2018,3,G,G,TXS,4020,2018.03.18,2018.03.18,08:02,13:40,150,96,F0767-HERRAD,0,D-228,D-145,DISTRIBUCION,RED AEREA,N,32448,338,0.060895,533754,0.06079205,0.845,S,R,0,F0767-HERRAD,K852R,N,-1,N,-1,K0403218261,82
DK,4,I,497,2018,3,G,G,RDB,4035,2018.03.18,2018.03.19,17:45,01:00,30,80,F0878,0,D-257,D-123M,DISTRIBUCION,RED AEREA,N,34800,435,0.065309,533754,0.065198575,0.217,S,R,0,F0878,K742R,N,1735,N,-1,K0403218331,83
DK,4,I,499,2018,3,H,X,IPD,4042,2018.03.19,2018.03.19,11:34,20:02,46,245,F2319-GPE,100,D-231,D-141,DISTRIBUCION,RED AEREA,N,124460,508,0.233573,533754,0.23317858,0.39,S,R,0,F2319-GPE,9M9C7,N,1757,N,-1,K0403218400,84
DK,4,I,486,2018,3,F,X,COP,4032,2018.03.19,2018.03.19,17:25,20:10,42,71,SECUNDARIA,100,D-228,D-145,DISTRIBUCION,RED AEREA,N,11715,165,0.021985,533754,0.021948313,0.116,S,R,0,SECUNDARIA,9FLGU,N,-1,N,-1,K0403218558,85
DK,4,I,482,2018,3,I,X,CIT,4020,2018.03.19,2018.03.19,13:14,16:41,41,66,URBANA EJI 2,100,D-228,D-145,DISTRIBUCION,RED AEREA,N,13662,207,0.025639,533754,0.025596061,0.141,S,R,0,URBANA EJI 2,9B57E,N,-1,N,-1,K0403218463,86
DK,4,I,496,2018,3,F,X,GIA,4020,2018.03.20,2018.03.21,14:09,17:08,73,50,CAHUARE,100,D-228,D-134,DISTRIBUCION,RED AEREA,N,80950,1619,0.151918,533754,0.151661627,1.97,S,R,0,CAHUARE,9FLGD,N,-1,N,-1,K0403188323,87
DK,4,I,502,2018,3,F,X,GIA,4030,2018.03.20,2018.03.20,10:23,14:51,186,96,SAN JUDAS TA,100,D-228,D-133,DISTRIBUCION,RED AEREA,N,25728,268,0.048283,533754,0.048201981,0.831,S,R,0,SAN JUDAS TA,9FLGD,N,-1,N,-1,K0403188323,88
DK,4,I,498,2018,3,H,X,VFD,4040,2018.03.20,2018.03.20,07:12,10:07,45,128,F2410-LIBERT,100,D-228,D-145,DISTRIBUCION,RED AEREA,N,22400,175,0.042038,533754,0.041966899,0.131,S,R,0,F2410-LIBERT,9M9C7,N,-1,N,-1,K0403218587,89
DK,4,I,505,2018,3,I,X,OCZ,4050,2018.03.20,2018.03.20,14:02,18:18,54,41,RANCH RAYMUN,100,D-228,D-123M,DISTRIBUCION,RED AEREA,N,10496,256,0.019698,533754,0.01966449,0.23,S,R,0,RANCH RAYMUN,9FLGG,N,1735,N,-1,K0403218839,90
DK,4,I,542,2018,3,F,X,RDB,4045,2018.03.22,2018.03.22,16:08,19:50,27,41,RAMAL PACU 1,100,D-228,D-133,DISTRIBUCION,RED AEREA,N,9102,222,0.017082,533754,0.0170528,0.1,S,R,0,RAMAL PACU 1,K853R,N,-1,N,-1,K0403220607,91
DK,4,I,655,2018,3,H,X,LGZ,4020,2018.03.22,2018.03.22,20:37,21:26,98,180,F2380-SARAG,100,D-228,D-134,DISTRIBUCION,RED AEREA,N,8820,49,0.016552,533754,0.016524466,0.08,S,R,0,F2380-SARAG,G431N,N,-1,N,-1,K0403188323,92
DK,4,I,501,2018,3,G,G,TGU,4020,2018.03.22,2018.03.22,09:20,14:35,65,60,F0024-CHAPUL,0,D-228,D-145,DISTRIBUCION,RED AEREA,N,18900,315,0.035469,533754,0.035409571,0.341,S,R,0,F0024-CHAPUL,9B51C,N,-1,N,-1,K0403220257,93
DK,4,I,550,2018,3,G,G,TGD,4090,2018.03.23,2018.03.23,13:37,19:58,150,55,F0312-LOMA03,0,R-33,R-01A,DISTRIBUCION,REDES SUBTERRAN,N,20955,381,0.039326,533754,0.039259659,0.953,S,R,0,F0312-LOMA03,K860R,N,-1,N,-1,K0403221386,94
DK,4,I,656,2018,3,G,G,TXN,4010,2018.03.23,2018.03.23,13:37,17:55,90,100,F0328-21SEPT,0,D-228,D-145,DISTRIBUCION,RED AEREA,N,25800,258,0.048419,533754,0.048336874,0.387,S,R,0,F0328-21SEPT,J593M,N,-1,N,-1,K0403188323,95
DK,4,I,559,2018,3,G,G,TXN,4020,2018.03.24,2018.03.24,07:58,08:30,145,165,F0642-C.C.1,0,D-319,D-133,DISTRIBUCION,RED AEREA,N,5280,32,0.009909,533754,0.009892198,0.077,S,R,0,F0642-C.C.1,K860R,N,-1,N,-1,K0403221525,96
DK,4,I,564,2018,3,G,G,RDB,4015,2018.03.25,2018.03.25,12:11,13:45,15,53,F0854,0,D-228,D-145,DISTRIBUCION,RED AEREA,N,4982,94,0.00935,533754,0.009333888,0.024,S,R,0,F0854,K860R,N,-1,N,-1,K0403221937,97
DK,4,I,634,2018,3,F,X,TGD,4090,2018.03.27,2018.03.27,20:47,21:02,45,156,2A PTE 4SUR,0,D-228,D-144,DISTRIBUCION,RED AEREA,N,2340,15,0.004391,533754,0.004384042,0.011,S,R,0,2A PTE 4SUR,9FLGD,N,-1,N,-1,K0403188323,98
DK,4,I,612,2018,3,G,G,MAA,4040,2018.03.27,2018.03.27,14:08,18:16,90,145,F0485-4Y12SU,0,D-213,D-141,DISTRIBUCION,RED AEREA,N,35960,248,0.067486,533754,0.06737186,0.372,S,R,0,F0485-4Y12SU,K860R,N,1798,N,-1,K0403223183,99
DK,4,I,625,2018,3,H,X,LGZ,4010,2018.03.28,2018.03.28,10:33,13:43,30,2,F2439,100,D-228,D-151A,DISTRIBUCION,RED AEREA,N,380,190,0.000713,533754,0.000711938,0.095,S,R,0,F2439,9FB73,N,-1,N,-1,K0403188323,100
DK,4,I,640,2018,3,G,X,TXS,4030,2018.03.31,2018.03.31,11:34,20:08,140,2,BOMBEO SABIN,100,D-228,D-145,DISTRIBUCION,RED AEREA,N,1028,514,0.001929,533754,0.001925981,1.199,S,R,0,BOMBEO SABIN,9MNJ3,N,-1,N,-1,K0403188323,101
DK,4,I,653,2018,4,G,G,TGU,4030,2018.04.02,2018.04.02,03:41,10:40,80,112,F0245-L.LOMA,0,D-228,D-145,DISTRIBUCION,RED AEREA,N,46928,419,0.087999,533754,0.087920653,0.559,S,R,0,F0245-L.LOMA,9B51C,N,-1,N,-1,K0403224759,102
DK,4,I,669,2018,4,G,G,TXS,4030,2018.04.03,2018.04.03,08:17,10:31,60,83,F0198-PSUR,0,D-228,D-145,DISTRIBUCION,RED AEREA,N,11122,134,0.020856,533754,0.020837315,0.134,S,R,0,F0198-PSUR,9B51C,N,-1,N,-1,K0403225246,103
DK,4,I,678,2018,4,G,G,TGU,4060,2018.04.04,2018.04.04,07:11,11:43,187,83,F0380-11NORT,0,D-228,D-145,DISTRIBUCION,RED AEREA,N,22576,272,0.042334,533754,0.042296639,0.848,S,R,0,F0380-11NORT,9B51C,N,-1,N,-1,K0403226014,104
DK,4,I,690,2018,4,H,X,VFD,4010,2018.04.04,2018.04.04,12:28,17:30,16,60,F2216-6 PTE,100,D-228,D-145,DISTRIBUCION,RED AEREA,N,18120,302,0.033979,533754,0.033948223,0.081,S,R,0,F2216-6 PTE,9L0AR,N,-1,N,-1,K0403226935,105
DK,4,I,748,2018,4,F,X,GIA,4020,2018.04.05,2018.04.05,11:49,19:46,80,36,NANDAMBUA,100,D-228,D-145,DISTRIBUCION,RED AEREA,N,17172,477,0.032201,533754,0.032172124,0.636,S,R,0,NANDAMBUA,9L0D8,N,-1,N,-1,K0403188323,106
DK,4,I,713,2018,4,F,X,GIA,4020,2018.04.06,2018.04.06,12:57,16:50,44,89,STA CRUZ NIP,100,D-228,D-145,DISTRIBUCION,RED AEREA,N,20737,233,0.038886,533754,0.038851231,0.171,S,R,0,STA CRUZ NIP,9L0D8,N,-1,N,-1,K0403228142,107
DK,4,I,1081,2018,4,H,X,LGZ,4010,2018.04.06,2018.04.06,18:50,23:09,3,12,SINALOENSE,100,D-271,D-125B,DISTRIBUCION,RED AEREA,N,3108,259,0.005828,533754,0.005822907,0.013,S,R,0,SINALOENSE,9MNTA,N,-1,N,-1,K0403188323,108
DK,4,I,705,2018,4,G,G,TGD,4060,2018.04.06,2018.04.06,10:12,12:10,106,145,F0535-CTHIE1,0,D-228,D-145,DISTRIBUCION,RED AEREA,N,17110,118,0.032085,533754,0.032055966,0.208,S,R,0,F0535-CTHIE1,9DY7G,N,-1,N,-1,K0403228040,109
DK,4,I,775,2018,4,F,X,RDB,4045,2018.04.07,2018.04.07,16:45,19:49,48,67,6A OTE 2NTE,100,D-228,D-145,DISTRIBUCION,RED AEREA,N,12328,184,0.023117,533754,0.023096782,0.147,S,R,0,6A OTE 2NTE,9L0D8,N,-1,N,-1,K0403188323,110
DK,4,I,737,2018,4,F,X,GIA,4010,2018.04.08,2018.04.08,18:42,21:00,10,13,PAVAS,100,D-228,D-145,DISTRIBUCION,RED AEREA,N,1794,138,0.003364,533754,0.003361099,0.023,S,R,0,PAVAS,9L0D8,N,-1,N,-1,K0403188323,111
DK,4,I,821,2018,4,F,X,GIA,4010,2018.04.08,2018.04.08,20:08,22:00,40,53,PLANTA BOMBE,100,D-228,D-145,DISTRIBUCION,RED AEREA,N,5936,112,0.011131,533754,0.011121228,0.075,S,R,0,PLANTA BOMBE,9L0D8,N,-1,N,-1,K0403228506,112
DK,4,I,917,2018,4,H,X,VFD,4020,2018.04.09,2018.04.09,12:36,16:59,46,103,F2225- 2 SUR,100,D-228,D-145,DISTRIBUCION,RED AEREA,N,27089,263,0.050797,533754,0.050751844,0.202,S,R,0,F2225- 2 SUR,9FGCU,N,-1,N,-1,K0403188323,113
DK,4,I,1078,2018,4,F,X,JUY,4010,2018.04.09,2018.04.09,09:08,14:21,23,34,JUY JUY,100,D-228,D-134,DISTRIBUCION,RED AEREA,N,10642,313,0.019956,533754,0.019938024,0.12,S,R,0,JUY JUY,9B55X,N,-1,N,-1,K0403188323,114
DK,4,I,747,2018,4,G,G,TXN,4010,2018.04.09,2018.04.09,10:11,11:43,33,73,F0330-ROSARI,0,D-228,D-145,DISTRIBUCION,RED AEREA,N,6716,92,0.012594,533754,0.012582575,0.051,S,R,0,F0330-ROSARI,QU619,N,-1,N,-1,K0403228789,115
DK,4,I,1077,2018,4,H,X,IPD,4030,2018.04.10,2018.04.10,09:47,14:22,2,4,F2311 B AGUA,100,D-252,D-133,DISTRIBUCION,RED AEREA,N,1100,275,0.002063,533754,0.002060874,0.009,S,R,0,F2311 B AGUA,9FRLT,N,-1,N,-1,K0403188323,116
DK,4,I,884,2018,4,H,X,VFD,4030,2018.04.11,2018.04.11,11:53,14:26,73,121,F2364-LA SIR,100,D-228,D-145,DISTRIBUCION,RED AEREA,N,18513,153,0.034716,533754,0.034684518,0.186,S,R,0,F2364-LA SIR,9FB79,N,-1,N,-1,K0403188323,117
DK,4,I,1072,2018,4,J,X,SMJ,4012,2018.04.12,2018.04.12,07:41,09:51,90,78,MERCADO,100,D-228,D-145,DISTRIBUCION,RED AEREA,N,10140,130,0.019015,533754,0.018997516,0.195,S,R,0,MERCADO,9DY3X,N,-1,N,-1,K0403188323,118
DK,4,I,841,2018,4,G,G,TGU,4020,2018.04.12,2018.04.12,15:50,17:07,40,90,F0062-ESMER2,0,D-228,D-145,DISTRIBUCION,RED AEREA,N,6930,77,0.012995,533754,0.012983509,0.051,S,R,0,F0062-ESMER2,K852R,N,-1,N,-1,K0403231083,119
DK,4,I,840,2018,4,G,G,TGD,4090,2018.04.12,2018.04.12,07:26,13:42,110,3,F0301-CERROH,0,D-228,D-145,DISTRIBUCION,RED AEREA,N,1128,376,0.002115,533754,0.002113333,0.689,S,R,0,F0301-CERROH,9B51C,N,-1,N,-1,K0403230886,120
DK,4,I,857,2018,4,F,X,GIA,4010,2018.04.13,2018.04.13,13:24,18:15,39,46,MONTE RICO,100,D-228,D-145,DISTRIBUCION,RED AEREA,N,13386,291,0.025101,533754,0.025078969,0.189,S,R,0,MONTE RICO,9L0AR,N,-1,N,-1,K0403231435,121
DK,4,I,1075,2018,4,G,G,TGD,4020,2018.04.13,2018.04.13,11:04,13:40,125,13,F0278-DOMINS,0,D-228,D-145,DISTRIBUCION,RED AEREA,N,2028,156,0.003803,533754,0.003799503,0.325,S,R,0,F0278-DOMINS,J593M,N,-1,N,-1,K0403188323,122
DK,4,I,856,2018,4,G,G,TGU,4030,2018.04.13,2018.04.13,14:49,16:35,60,99,F9246-L.LOMA,0,D-228,D-145,DISTRIBUCION,RED AEREA,N,10494,106,0.019678,533754,0.019660743,0.106,S,R,0,F9246-L.LOMA,K852R,N,-1,N,-1,K0403231482,123
DK,4,I,1030,2018,4,H,X,LGZ,4010,2018.04.16,2018.04.16,10:58,13:53,20,35,SOMBRA SELVA,100,D-281,D-151A,DISTRIBUCION,RED AEREA,N,6125,175,0.011486,533754,0.011475324,0.058,S,R,0,SOMBRA SELVA,9FEA1,N,-1,N,-1,K0403188323,124
DK,4,I,890,2018,4,H,X,VFD,4050,2018.04.17,2018.04.17,07:53,11:12,19,116,F2255  S ANT,100,D-228,D-145,DISTRIBUCION,RED AEREA,N,23084,199,0.043287,533754,0.043248388,0.063,S,R,0,F2255  S ANT,9FEA3,N,-1,N,-1,K0403232348,125
DK,4,I,916,2018,4,F,X,GIA,4020,2018.04.17,2018.04.17,08:42,14:15,44,89,STA CRUZ NIP,100,D-228,D-145,DISTRIBUCION,RED AEREA,N,29637,333,0.055575,533754,0.055525579,0.244,S,R,0,STA CRUZ NIP,9FA6H,N,-1,N,-1,K0403188323,126
DK,4,I,894,2018,4,G,G,TXN,4010,2018.04.18,2018.04.18,08:29,09:59,90,89,F0332-ROSARI,0,D-228,D-145,DISTRIBUCION,RED AEREA,N,8010,90,0.01502,533754,0.015006913,0.135,S,R,0,F0332-ROSARI,9B51C,N,-1,N,-1,K0403232885,127
DK,4,I,899,2018,4,F,X,COP,4032,2018.04.18,2018.04.18,17:34,19:50,20,25,RANCHO,100,D-228,D-145,DISTRIBUCION,RED AEREA,N,3400,136,0.006376,533754,0.006369976,0.045,S,R,0,RANCHO,9FEA2,N,-1,N,-1,K0403233331,128
DK,4,I,1070,2018,4,G,G,TGU,4030,2018.04.19,2018.04.19,00:22,01:29,40,92,F0255-REMEDI,0,D-228,D-134,DISTRIBUCION,RED AEREA,N,6164,67,0.011559,533754,0.011548391,0.045,S,R,0,F0255-REMEDI,J593M,N,-1,N,-1,K0403188323,129
DK,4,I,923,2018,4,F,X,GIA,4020,2018.04.20,2018.04.20,12:04,16:58,132,70,REFUGIO 2,100,D-228,D-145,DISTRIBUCION,RED AEREA,N,20580,294,0.038592,533754,0.038557088,0.647,S,R,0,REFUGIO 2,K860R,N,-1,N,-1,K0403234397,130
DK,4,I,970,2018,4,F,X,JUY,4010,2018.04.21,2018.04.21,13:28,17:15,69,100,TSITZUN,100,D-309,D-133,DISTRIBUCION,RED AEREA,N,22700,227,0.042567,533754,0.042528955,0.261,S,R,0,TSITZUN,9L0D8,N,-1,N,-1,K0403188323,131
DK,4,I,929,2018,4,G,G,TGU,4060,2018.04.22,2018.04.22,09:57,11:30,80,92,F0398-VISHER,0,D-228,D-145,DISTRIBUCION,RED AEREA,N,8556,93,0.016044,533754,0.016029856,0.124,S,R,0,F0398-VISHER,K860R,N,-1,N,-1,K0403234774,132
DK,4,I,928,2018,4,F,X,TXS,4030,2018.04.23,2018.04.23,11:51,20:06,12,18,CHININAL,100,D-252,D-133,DISTRIBUCION,RED AEREA,N,8910,495,0.016708,533754,0.016693083,0.099,S,R,0,CHININAL,9L0AR,N,-1,N,-1,K0403235008,133
DK,4,I,1062,2018,4,G,G,TGD,4050,2018.04.23,2018.04.23,13:04,14:10,40,56,F0526-S.6JUN,0,D-228,D-144,DISTRIBUCION,RED AEREA,N,3696,66,0.006931,533754,0.006924538,0.044,S,R,0,F0526-S.6JUN,9DY7X,N,-1,N,-1,K0403188323,134
DK,4,I,952,2018,4,G,G,TGD,4070,2018.04.24,2018.04.25,21:38,07:56,59,99,F0499- BRAVO,0,D-228,D-145,DISTRIBUCION,RED AEREA,N,61182,618,0.114728,533754,0.114625839,0.608,S,R,0,F0499- BRAVO,9B51C,N,-1,N,-1,K0403235987,135
DK,4,I,960,2018,4,I,X,CIT,4010,2018.04.25,2018.04.25,10:14,20:28,32,18,FCO I MADERO,100,D-228,D-145,DISTRIBUCION,RED AEREA,N,11052,614,0.020725,533754,0.020706168,0.328,S,R,0,FCO I MADERO,9L0AR,N,-1,N,-1,K0403236309,136
DK,4,I,956,2018,4,F,X,JUY,4010,2018.04.25,2018.04.25,14:11,21:05,115,167,MARUSIA,100,D-228,D-145,DISTRIBUCION,RED AEREA,N,69138,414,0.129647,533754,0.129531582,0.793,S,R,0,MARUSIA,9M96L,N,-1,N,-1,K0403236553,137
DK,4,I,961,2018,4,F,X,GIA,4030,2018.04.26,2018.04.26,08:39,11:00,86,92,SAN JUDAS TA,100,D-228,D-145,DISTRIBUCION,RED AEREA,N,12972,141,0.024325,533754,0.024303331,0.202,S,R,0,SAN JUDAS TA,9MNT1,N,-1,N,-1,K0403236963,138
DK,4,I,986,2018,4,G,G,TXN,4070,2018.04.26,2018.04.26,16:10,18:23,70,86,F0151-JARDPE,0,D-228,D-133,DISTRIBUCION,RED AEREA,N,11438,133,0.021449,533754,0.021429348,0.155,S,R,0,F0151-JARDPE,K853R,N,-1,N,-1,K0403237681,139
DK,4,I,967,2018,4,G,G,TXN,4080,2018.04.26,2018.04.26,10:10,12:45,60,33,F_F0214_3D,0,D-228,D-133,DISTRIBUCION,RED AEREA,N,5115,155,0.009592,533754,0.009583066,0.155,S,R,0,F_F0214_3D,9B51C,N,-1,N,-1,K0403237212,140
DK,4,I,965,2018,4,I,X,OCZ,4050,2018.04.26,2018.04.26,06:30,13:20,42,80,BOMBANO2,100,D-228,D-144,DISTRIBUCION,RED AEREA,N,32800,410,0.061506,533754,0.06145153,0.287,S,R,0,BOMBANO2,9M9C4,N,-1,N,-1,K0403236842,141
DK,4,I,993,2018,4,G,G,TXN,4060,2018.04.27,2018.04.27,10:52,12:06,59,73,F0698-S.TORR,0,D-228,D-144,DISTRIBUCION,RED AEREA,N,5402,74,0.01013,533754,0.010120767,0.073,S,R,0,F0698-S.TORR,9FB76,N,-1,N,-1,K0403238074,142
DK,4,I,1035,2018,4,F,X,GIA,4020,2018.04.28,2018.04.28,13:59,16:20,79,36,NANDAMBUA,100,D-233,D-153,DISTRIBUCION,RED AEREA,N,5076,141,0.009519,533754,0.009509999,0.186,S,R,0,NANDAMBUA,9L0D8,N,-1,N,-1,K0403188323,143
DK,4,I,1074,2018,4,H,X,VFD,4030,2018.04.30,2018.04.30,10:52,16:39,121,135,F2366 FLORES,100,D-228,D-133,DISTRIBUCION,RED AEREA,N,46845,347,0.087844,533754,0.08776515,0.7,S,R,0,F2366 FLORES,9B4YM,N,-1,N,-1,K0403188323,144
DK,4,I,1049,2018,4,G,G,TGU,4030,2018.04.30,2018.04.30,08:17,10:03,65,145,F0113-CANT2,0,D-228,D-145,DISTRIBUCION,RED AEREA,N,15370,106,0.028822,533754,0.028796037,0.115,S,R,0,F0113-CANT2,9B51C,N,-1,N,-1,K0403238863,145
DK,4,I,1082,2018,4,H,X,VFD,4020,2018.04.30,2018.04.30,17:21,18:01,16,64,F2229- 10 TE,100,D-228,D-145,DISTRIBUCION,RED AEREA,N,2560,40,0.004801,533754,0.004796217,0.011,S,R,0,F2229- 10 TE,9FGCU,N,-1,N,-1,K0403188323,146
DK,4,I,1086,2018,5,F,X,TGD,4090,2018.05.01,2018.05.02,20:16,10:09,90,120,F_F1280_3D,100,D-228,D-145,DISTRIBUCION,RED AEREA,N,99960,833,0.187277,533754,0.187277285,1.25,S,R,0,F_F1280_3D,9DW0G,N,-1,N,-1,K0403188323,147
DK,4,I,1098,2018,5,G,G,TXN,4010,2018.05.01,2018.05.02,20:45,01:26,50,72,F0330-ROSARI,0,D-228,D-145,DISTRIBUCION,RED AEREA,N,20232,281,0.037905,533754,0.037905102,0.234,S,R,0,F0330-ROSARI,9B57E,N,-1,N,-1,K0403239670,148
DK,4,I,1301,2018,5,G,G,TGD,4050,2018.05.01,2018.05.01,17:25,22:01,90,99,F0508-MISIO1,0,D-228,D-133,DISTRIBUCION,RED AEREA,N,27324,276,0.051192,533754,0.051192122,0.414,S,R,0,F0508-MISIO1,9FPKY,N,-1,N,-1,K0403188323,149
DK,4,I,1130,2018,5,F,X,GIA,4030,2018.05.02,2018.05.02,19:50,22:00,54,88,C MIGUEL HGO,100,D-228,D-145,DISTRIBUCION,RED AEREA,N,11440,130,0.021433,533754,0.021433095,0.117,S,R,0,C MIGUEL HGO,9MNT1,N,-1,N,-1,K0403240161,150
DK,4,I,1107,2018,5,I,X,MPE,4025,2018.05.02,2018.05.02,10:38,11:10,200,257,RAMAL CASETA,100,D-228,D-145,DISTRIBUCION,RED AEREA,N,8224,32,0.015408,533754,0.015407847,0.107,S,R,0,RAMAL CASETA,9M9C4,N,-1,N,-1,K0403239799,151
DK,4,I,1126,2018,5,G,G,RDB,4015,2018.05.03,2018.05.03,08:29,14:15,59,137,F0843,0,D-228,D-133,DISTRIBUCION,RED AEREA,N,47402,346,0.088809,533754,0.088808702,0.34,S,R,0,F0843,9DY7T,N,-1,N,-1,K0403240343,152
DK,4,I,1458,2018,5,G,X,RDB,4045,2018.05.04,2018.05.04,07:25,11:09,317,429,LETRAS,100,D-252,D-125J,DISTRIBUCION,RED AEREA,N,96096,224,0.180038,533754,0.180037995,1.184,S,T,0,0,9L0AR,N,-1,N,-1,K0403188323,153
DK,4,I,1143,2018,5,F,X,GIA,4030,2018.05.04,2018.05.04,14:27,20:36,86,43,STA CECILIA,100,D-228,D-133,DISTRIBUCION,RED AEREA,N,15867,369,0.029727,533754,0.029727178,0.529,S,R,0,STA CECILIA,9L0D8,N,-1,N,-1,K0403241791,154
DK,4,I,1451,2018,5,H,X,LGZ,4010,2018.05.04,2018.05.04,14:09,14:21,1592,2953,L,100,D-319,D-125E,DISTRIBUCION,RED AEREA,N,35436,12,0.06639,533754,0.066390135,0.318,S,T,0,0,9MNTT,N,-1,N,-1,K0403188323,155
DK,4,I,1172,2018,5,H,X,LGZ,4010,2018.05.05,2018.05.05,16:11,18:30,120,138,F2467,100,D-279,D-125B,DISTRIBUCION,RED AEREA,N,19182,139,0.035938,533754,0.035937904,0.278,S,R,0,F2467,9M9C7,N,-1,N,-1,K0403242005,156
DK,4,I,1159,2018,5,F,X,RDB,4045,2018.05.05,2018.05.05,11:18,17:00,27,25,BUENA VISTA,100,D-228,D-145,DISTRIBUCION,RED AEREA,N,8550,342,0.016019,533754,0.016018615,0.154,S,R,0,BUENA VISTA,9L0D8,N,-1,N,-1,K0403241955,157
DK,4,I,1170,2018,5,I,X,LMX,4012,2018.05.05,2018.05.05,21:49,21:55,12,30,RIA ROSENDO,100,D-279,D-125B,DISTRIBUCION,RED AEREA,N,180,6,0.000337,533754,0.000337234,0.001,S,R,0,RIA ROSENDO,9MNTB,N,-1,N,-1,K0403242043,158
DK,4,I,1155,2018,5,F,X,JUY,4010,2018.05.05,2018.05.05,10:36,15:19,69,66,VCENTE G,100,D-228,D-145,DISTRIBUCION,RED AEREA,N,18678,283,0.034994,533754,0.034993649,0.326,S,R,0,VCENTE G,9L0D8,N,-1,N,-1,K0403241951,159
DK,4,I,1181,2018,5,F,X,GIA,4030,2018.05.07,2018.05.07,10:48,18:35,54,58,C MIGUEL HGO,100,D-228,D-145,DISTRIBUCION,RED AEREA,N,27086,467,0.050746,533754,0.050746224,0.42,S,R,0,C MIGUEL HGO,9L0D8,N,-1,N,-1,K0403242430,160
DK,4,I,1182,2018,5,F,X,GIA,4010,2018.05.07,2018.05.07,11:15,18:40,48,65,TIA AMELIA,100,D-228,D-145,DISTRIBUCION,RED AEREA,N,28925,445,0.054192,533754,0.054191631,0.356,S,R,0,TIA AMELIA,9MNT1,N,-1,N,-1,K0403242462,161
DK,4,I,1201,2018,5,F,X,GIA,4020,2018.05.08,2018.05.08,14:50,16:40,70,145,FLECHAS,100,D-228,D-145,DISTRIBUCION,RED AEREA,N,15950,110,0.029883,533754,0.02988268,0.128,S,R,0,FLECHAS,9MNT1,N,-1,N,-1,K0403243836,162
DK,4,I,1202,2018,5,F,X,JUY,4010,2018.05.08,2018.05.08,19:31,21:02,69,100,TSITZUN,100,D-228,D-145,DISTRIBUCION,RED AEREA,N,9100,91,0.017049,533754,0.017049053,0.105,S,R,0,TSITZUN,9L0AR,N,-1,N,-1,K0403243982,163
DK,4,I,1199,2018,5,F,X,JUY,4010,2018.05.08,2018.05.08,12:01,12:55,30,67,KINDER,100,D-319,D-125E,DISTRIBUCION,RED AEREA,N,3618,54,0.006778,533754,0.006778404,0.027,S,R,0,KINDER,9L0DA,N,-1,N,-1,K0403243696,164
DK,4,I,1198,2018,5,F,X,COP,4032,2018.05.08,2018.05.08,12:50,16:25,32,35,TOMBAK,100,D-228,D-145,DISTRIBUCION,RED AEREA,N,7525,215,0.014098,533754,0.014098255,0.115,S,R,0,TOMBAK,9DY6U,N,-1,N,-1,K0403243734,165
DK,4,I,1261,2018,5,G,G,MAA,4020,2018.05.09,2018.05.09,10:35,11:31,100,80,F0437,0,D-228,D-133,DISTRIBUCION,RED AEREA,N,4480,56,0.008393,533754,0.00839338,0.093,S,R,0,F0437,9DY7G,N,-1,N,-1,K0403188323,166
DK,4,I,1200,2018,5,G,G,TXN,4040,2018.05.09,2018.05.09,01:21,02:22,115,157,F0662-1A SUR,0,D-228,D-145,DISTRIBUCION,RED AEREA,N,9577,61,0.017943,533754,0.017942723,0.117,S,R,0,F0662-1A SUR,QU169,N,-1,N,-1,K0403244046,167
DK,4,I,1246,2018,5,I,X,CIT,4040,2018.05.09,2018.05.10,18:49,15:15,11,11,FELIPE ANGE,100,D-228,D-144,DISTRIBUCION,RED AEREA,N,13486,1226,0.025266,533754,0.025266321,0.225,S,R,0,FELIPE ANGE,K395R,N,-1,N,-1,K0403188323,168
DK,4,I,1304,2018,5,H,X,LGZ,4040,2018.05.10,2018.05.10,13:28,17:34,65,75,F2520-PROGRE,100,D-228,D-133,DISTRIBUCION,RED AEREA,N,18450,246,0.034566,533754,0.034566486,0.267,S,R,0,F2520-PROGRE,K746R,N,-1,N,-1,K0403188323,169
DK,4,I,1207,2018,5,F,X,JUY,4010,2018.05.10,2018.05.10,08:40,16:54,23,34,JUY JUY,100,D-228,D-133,DISTRIBUCION,RED AEREA,N,16796,494,0.031468,533754,0.03146768,0.189,S,R,0,JUY JUY,QU169,N,-1,N,-1,K0403244780,170
DK,4,I,1216,2018,5,F,X,RDB,4045,2018.05.10,2018.05.11,16:03,11:16,27,25,F1108_PACU2,100,D-279,D-125B,DISTRIBUCION,RED AEREA,N,28825,1153,0.054004,533754,0.054004279,0.519,S,R,0,F1108_PACU2,9FLGD,N,-1,N,-1,K0403244954,171
DK,4,I,1223,2018,5,F,X,JUY,5010,2018.05.11,2018.05.11,12:37,16:36,126,118,COPANO,100,D-279,D-125B,DISTRIBUCION,RED AEREA,N,28202,239,0.052837,533754,0.052837075,0.502,S,R,0,COPANO,9FLGU,N,-1,N,-1,K0403245236,172
DK,4,I,1220,2018,5,G,G,TGD,4070,2018.05.11,2018.05.11,08:36,12:32,65,59,F0495-S.MAGI,0,D-228,D-133,DISTRIBUCION,RED AEREA,N,13924,236,0.026087,533754,0.026086924,0.256,S,R,0,F0495-S.MAGI,9B51C,N,-1,N,-1,K0403245054,173
DK,4,I,1217,2018,5,F,X,RDB,4045,2018.05.11,2018.05.11,09:26,12:55,27,25,F1113_RANCHO,100,D-319,D-125E,DISTRIBUCION,RED AEREA,N,5225,209,0.009789,533754,0.009789154,0.094,S,R,0,F1113_RANCHO,9FLGD,N,-1,N,-1,K0403245082,174
DK,4,I,1238,2018,5,F,X,TGD,4090,2018.05.11,2018.05.12,16:30,11:00,90,49,F0564-P.BOSQ,100,D-228,D-133,DISTRIBUCION,RED AEREA,N,54390,1110,0.101901,533754,0.101900876,1.665,S,R,0,F0564-P.BOSQ,9L0D8,N,-1,N,-1,K0403245440,175
DK,4,I,1306,2018,5,F,X,GIA,4010,2018.05.11,2018.05.12,09:05,00:01,15,13,2OTE 2SUR,100,D-228,D-144,DISTRIBUCION,RED AEREA,N,11648,896,0.021823,533754,0.021822787,0.224,S,R,0,2OTE 2SUR,9L0D8,N,-1,N,-1,K0403188323,176
DK,4,I,1225,2018,5,F,X,TXS,4030,2018.05.11,2018.05.11,09:47,19:00,11,11,JERUSALEM,100,D-279,D-125B,DISTRIBUCION,RED AEREA,N,6083,553,0.011397,533754,0.011396636,0.101,S,R,0,JERUSALEM,9L0D8,N,-1,N,-1,K0403245107,177
DK,4,I,1230,2018,5,F,X,TXS,4030,2018.05.12,2018.05.12,10:30,13:00,28,29,TRANS HOSPIT,100,D-228,D-133,DISTRIBUCION,RED AEREA,N,4350,150,0.00815,533754,0.008149822,0.07,S,R,0,TRANS HOSPIT,9FLGD,N,-1,N,-1,K0403245606,178
DK,4,I,1262,2018,5,I,X,LMX,4012,2018.05.12,2018.05.13,16:49,15:30,171,31,F_POMPOSO_3D,100,D-252,D-133,DISTRIBUCION,RED AEREA,N,42191,1361,0.079046,533754,0.079045778,3.879,S,R,0,F_POMPOSO_3D,9MNTB,N,-1,N,-1,K0403188323,179
DK,4,I,1245,2018,5,H,X,VFD,4050,2018.05.12,2018.05.12,20:50,22:43,22,125,F2258 S ANT,100,D-228,D-134,DISTRIBUCION,RED AEREA,N,14125,113,0.026464,533754,0.026463502,0.041,S,R,0,F2258 S ANT,9M9C7,N,-1,N,-1,K0403188323,180
DK,4,I,1231,2018,5,I,X,CIT,4040,2018.05.12,2018.05.12,09:53,13:05,41,43,TENEJAPA,100,D-228,D-109,DISTRIBUCION,RED AEREA,N,8256,192,0.015468,533754,0.0154678,0.131,S,R,0,TENEJAPA,9MNT4,N,-1,N,-1,K0403245600,181
DK,4,I,1232,2018,5,G,G,TGU,4050,2018.05.12,2018.05.12,15:00,17:09,90,105,F0366-4ASURP,0,D-228,D-133,DISTRIBUCION,RED AEREA,N,13545,129,0.025377,533754,0.025376859,0.194,S,R,0,F0366-4ASURP,9FB76,N,-1,N,-1,K0403245645,182
DK,4,I,1233,2018,5,F,X,AAA,4015,2018.05.12,2018.05.12,19:25,20:05,28,115,BAJIO,100,D-228,D-133,DISTRIBUCION,RED AEREA,N,4600,40,0.008618,533754,0.008618202,0.019,S,R,0,BAJIO,9L0D8,N,-1,N,-1,K0403245666,183
DK,4,I,1282,2018,5,I,X,LMX,4022,2018.05.13,2018.05.13,17:12,20:03,411,193,L,100,D-228,D-133,DISTRIBUCION,RED AEREA,N,33003,171,0.061832,533754,0.061831855,1.171,S,T,0,0,9MNTB,N,-1,N,-1,K0403188323,184
DK,4,I,1242,2018,5,H,X,VFD,4020,2018.05.13,2018.05.13,18:02,21:31,30,60,V.HGO.CAMINO,100,D-279,D-125B,DISTRIBUCION,RED AEREA,N,12540,209,0.023494,533754,0.023493969,0.104,S,R,0,V.HGO.CAMINO,9MNTA,N,-1,N,-1,K0403245734,185
DK,4,I,1270,2018,5,I,X,OCZ,4040,2018.05.14,2018.05.15,21:34,13:12,121,69,EL GAVILAN,100,D-279,D-125B,DISTRIBUCION,RED AEREA,N,64722,938,0.121258,533754,0.121258108,1.892,S,R,0,EL GAVILAN,9FEA1,N,-1,N,-1,K0403246383,186
DK,4,I,1287,2018,5,H,X,VFD,4030,2018.05.14,2018.05.14,08:15,13:46,10,1,F2360 HVO,100,D-228,D-149,DISTRIBUCION,RED AEREA,N,331,331,0.00062,533754,0.000620136,0.055,S,R,0,F2360 HVO,9L0CA,N,1997,N,-1,K0403188323,187
DK,4,I,1279,2018,5,F,X,TXS,4030,2018.05.14,2018.05.15,12:38,09:18,45,46,LINDA VISTA,100,D-242,D-164,DISTRIBUCION,RED AEREA,N,57040,1240,0.106866,533754,0.10686571,0.93,S,R,0,LINDA VISTA,9L0DA,N,-1,N,-1,K0403188323,188
DK,4,I,1263,2018,5,G,G,TGU,4020,2018.05.15,2018.05.15,09:36,10:59,40,48,F0044-P.A.N3,0,D-228,D-145,DISTRIBUCION,RED AEREA,N,3984,83,0.007464,533754,0.007464113,0.055,S,R,0,F0044-P.A.N3,K607R,N,-1,N,-1,K0403246638,189
DK,4,I,1273,2018,5,I,X,OCZ,4050,2018.05.15,2018.05.16,17:56,11:40,25,35,NVO SIMOJOVE,100,D-228,D-144,DISTRIBUCION,RED AEREA,N,37240,1064,0.06977,533754,0.069769969,0.443,S,R,0,NVO SIMOJOVE,9FEA1,N,-1,N,-1,K0403246885,190
DK,4,I,1265,2018,5,G,G,TGU,4060,2018.05.15,2018.05.15,08:09,10:03,100,118,F0404-7APONI,0,D-228,D-145,DISTRIBUCION,RED AEREA,N,13452,114,0.025203,533754,0.025202621,0.19,S,R,0,F0404-7APONI,9DY7X,N,-1,N,-1,K0403246496,191
DK,4,I,1268,2018,5,F,X,TXS,4030,2018.05.15,2018.05.15,09:18,14:54,45,71,LINDA VISTA,100,D-242,D-164,DISTRIBUCION,RED AEREA,N,23856,336,0.044695,533754,0.044694747,0.252,S,R,0,LINDA VISTA,9L0DA,N,-1,N,-1,K0403246624,192
DK,4,I,1281,2018,5,I,X,CIT,4030,2018.05.16,2018.05.16,08:25,10:15,35,157,CENTR JIQ 2,100,D-228,D-145,DISTRIBUCION,RED AEREA,N,17270,110,0.032356,533754,0.032355729,0.064,S,R,0,CENTR JIQ 2,9FHD0,N,-1,N,-1,K0403246959,193
DK,4,I,1313,2018,5,F,X,JUY,4010,2018.05.17,2018.05.17,09:49,21:34,45,100,16 DE SEP. S,100,D-228,D-109,DISTRIBUCION,RED AEREA,N,70500,705,0.132083,533754,0.132083319,0.529,S,R,0,16 DE SEP. S,9L0D8,N,-1,N,-1,K0403247950,194
DK,4,I,1314,2018,5,I,X,CIT,4040,2018.05.17,2018.05.17,12:01,21:13,58,56,ZAPATA,100,D-228,D-133,DISTRIBUCION,RED AEREA,N,30912,552,0.057914,533754,0.05791432,0.534,S,R,0,ZAPATA,9MNTB,N,-1,N,-1,K0403248015,195
DK,4,I,1294,2018,5,I,X,CIT,4040,2018.05.17,2018.05.17,13:20,15:09,32,23,LOS POCITOS,100,D-228,D-145,DISTRIBUCION,RED AEREA,N,2507,109,0.004697,533754,0.00469692,0.058,S,R,0,LOS POCITOS,9EX4B,N,-1,N,-1,K0403248076,196
DK,4,I,1302,2018,5,J,X,SOY,4035,2018.05.17,2018.05.17,08:49,10:58,75,39,IXTAPA,100,D-279,D-125B,DISTRIBUCION,RED AEREA,N,5031,129,0.009426,533754,0.00942569,0.161,S,R,0,IXTAPA,9DP0K,N,-1,N,-1,K0403247682,197
DK,4,I,1578,2018,5,G,G,TGD,4100,2018.05.17,2018.05.17,09:32,09:33,5560,0,LETRAS,0,D-255,D-145,DISTRIBUCION,RED AEREA,N,0,1,0,533754,0,0.093,S,T,0,0,J593M,N,-1,N,-1,K0403188323,198
DK,4,I,1366,2018,5,G,G,TGD,4100,2018.05.17,2018.05.17,10:40,12:35,90,275,F0603-PINO S,0,D-255,D-145,DISTRIBUCION,RED AEREA,N,31625,115,0.05925,533754,0.059250141,0.172,S,R,0,F0603-PINO S,9DV0E,N,-1,N,-1,K0403188323,199
DK,4,I,1205,2018,5,G,G,TXN,4050,2018.05.17,2018.05.17,08:32,10:10,59,65,F0682-DELICI,0,D-228,D-145,DISTRIBUCION,RED AEREA,N,6370,98,0.011934,533754,0.011934337,0.096,S,R,0,F0682-DELICI,9B51C,N,-1,N,-1,K0403247971,200
DK,4,I,1365,2018,5,G,G,TGD,4100,2018.05.17,2018.05.17,09:57,10:40,430,790,LETRAS,0,D-255,D-145,DISTRIBUCION,RED AEREA,N,33970,43,0.063644,533754,0.063643551,0.308,S,T,0,0,9DV0E,N,-1,N,-1,K0403188323,201
DK,4,I,1364,2018,5,G,G,TGD,4100,2018.05.17,2018.05.17,09:33,09:57,995,2348,LETRAS,0,D-255,D-145,DISTRIBUCION,RED AEREA,N,56352,24,0.105577,533754,0.105576726,0.398,S,T,4100,0,9DV0E,N,-1,N,-1,K0403188323,202
DK,4,I,1317,2018,5,G,G,TGD,4090,2018.05.18,2018.05.18,17:37,19:48,95,65,F0573-COQUEL,0,D-228,D-133,DISTRIBUCION,RED AEREA,N,8515,131,0.015953,533754,0.015953042,0.207,S,R,0,F0573-COQUEL,9FB76,N,-1,N,-1,K0403248676,203
DK,4,I,1320,2018,5,F,X,JUY,4010,2018.05.19,2018.05.19,09:35,11:14,55,54,LIMONES,100,D-228,D-133,DISTRIBUCION,RED AEREA,N,5346,99,0.010016,533754,0.01001585,0.091,S,R,0,LIMONES,9M933,N,-1,N,-1,K0403248725,204
DK,4,I,1322,2018,5,G,G,TGD,4020,2018.05.19,2018.05.19,02:32,13:23,120,36,F0288-PEÛITA,0,D-228,D-133,DISTRIBUCION,RED AEREA,N,23436,651,0.043908,533754,0.043907868,1.302,S,R,0,F0288-PEÛITA,9DY7V,N,-1,N,-1,K0403248715,205
DK,4,I,1338,2018,5,H,X,LGZ,4010,2018.05.20,2018.05.20,14:14,20:50,5,15,F2449-VALLE,100,D-228,D-133,DISTRIBUCION,RED AEREA,N,5940,396,0.011129,533754,0.011128722,0.033,S,R,0,F2449-VALLE,9FRLT,N,-1,N,-1,K0403248851,206
DK,4,I,1324,2018,5,J,X,SOY,4035,2018.05.20,2018.05.20,10:41,11:41,45,36,F2863IGLESIA,100,D-279,D-125B,DISTRIBUCION,RED AEREA,N,2160,60,0.004047,533754,0.004046808,0.045,S,R,0,F2863IGLESIA,9FKFE,N,-1,N,-1,K0403248831,207
DK,4,I,1333,2018,5,G,G,RDB,4015,2018.05.20,2018.05.20,12:18,14:25,60,130,F0842,0,D-228,D-153,DISTRIBUCION,RED AEREA,N,16510,127,0.030932,533754,0.030931853,0.127,S,R,0,F0842,QU169,N,-1,N,-1,K0403248839,208
DK,4,I,1360,2018,5,F,X,GIA,4010,2018.05.21,2018.05.21,10:29,18:50,40,34,CUPASMI,100,D-228,D-145,DISTRIBUCION,RED AEREA,N,17034,501,0.031914,533754,0.031913578,0.334,S,R,0,CUPASMI,9L0D8,N,-1,N,-1,K0403248993,209
DK,4,I,1344,2018,5,H,X,LGZ,4040,2018.05.21,2018.05.21,07:52,11:05,65,75,F2520-PROGRE,100,D-228,D-133,DISTRIBUCION,RED AEREA,N,14475,193,0.027119,533754,0.027119235,0.209,S,R,0,F2520-PROGRE,9B4YM,N,-1,N,-1,K0403248910,210
DK,4,I,1343,2018,5,G,G,TXN,4020,2018.05.21,2018.05.21,08:55,11:13,80,75,F0647-13MAY,0,D-228,D-145,DISTRIBUCION,RED AEREA,N,10350,138,0.019391,533754,0.019390955,0.184,S,R,0,F0647-13MAY,9DY7X,N,-1,N,-1,K0403248927,211
DK,4,I,1347,2018,5,F,X,RDB,4045,2018.05.21,2018.05.21,08:36,14:00,73,66,3A SUR 1PTE,100,D-279,D-125B,DISTRIBUCION,RED AEREA,N,21384,324,0.040063,533754,0.0400634,0.394,S,R,0,3A SUR 1PTE,9L0D8,N,-1,N,-1,K0403248920,212
DK,4,I,1351,2018,5,I,X,OCZ,4030,2018.05.21,2018.05.21,12:07,15:13,34,63,F_CTHIEL_3D,100,D-228,D-153,DISTRIBUCION,RED AEREA,N,11718,186,0.021954,533754,0.021953934,0.105,S,R,0,F_CTHIEL_3D,9FD9J,N,-1,N,-1,K0403249134,213
DK,4,I,1389,2018,5,F,X,GIA,4010,2018.05.21,2018.05.22,19:41,13:40,40,34,CUPASMI,100,D-242,D-125A,DISTRIBUCION,RED AEREA,N,36686,1079,0.068732,533754,0.068732038,0.719,S,R,0,CUPASMI,9B57L,N,-1,N,-1,K0403188323,214
DK,4,I,1359,2018,5,F,X,GIA,4010,2018.05.21,2018.05.21,11:40,17:58,40,34,AMATAL,100,D-228,D-145,DISTRIBUCION,RED AEREA,N,12852,378,0.024079,533754,0.024078508,0.252,S,R,0,AMATAL,9L0D8,N,-1,N,-1,K0403249154,215
DK,4,I,1370,2018,5,G,G,TGD,4060,2018.05.22,2018.05.22,13:12,14:45,160,145,F0535-CTHIE1,0,D-228,D-145,DISTRIBUCION,RED AEREA,N,13485,93,0.025264,533754,0.025264448,0.248,S,R,0,F0535-CTHIE1,9DY7X,N,-1,N,-1,K0403249773,216
DK,4,I,1398,2018,5,I,X,LMX,4032,2018.05.22,2018.05.23,16:45,19:35,10,1,TILTEPEC 2,100,D-228,D-145,DISTRIBUCION,RED AEREA,N,1610,1610,0.003016,533754,0.003016371,0.268,S,R,0,TILTEPEC 2,9MNT4,N,-1,N,-1,K0403249896,217
DK,4,I,1387,2018,5,I,X,OCZ,4050,2018.05.22,2018.05.22,16:50,20:30,75,85,OJO DE AGUA,100,D-228,D-134,DISTRIBUCION,RED AEREA,N,18700,220,0.035035,533754,0.035034866,0.275,S,R,0,OJO DE AGUA,9L0AR,N,-1,N,-1,K0403249900,218
DK,4,I,1377,2018,5,I,X,CIT,4010,2018.05.22,2018.05.22,08:26,09:35,32,12,CACAHUATERA,100,D-228,D-145,DISTRIBUCION,RED AEREA,N,828,69,0.001551,533754,0.001551276,0.037,S,R,0,CACAHUATERA,9FHD0,N,-1,N,-1,K0403188323,219
DK,4,I,1406,2018,5,F,X,GIA,4010,2018.05.23,2018.05.23,10:28,20:30,49,43,MONTERRICO,100,D-228,D-145,DISTRIBUCION,RED AEREA,N,25886,602,0.048498,533754,0.048497997,0.492,S,R,0,MONTERRICO,9M933,N,-1,N,-1,K0403250252,220
DK,4,I,1400,2018,5,I,X,LMX,4012,2018.05.24,2018.05.24,08:34,13:51,62,49,TEHUACAN,100,D-279,D-125B,DISTRIBUCION,RED AEREA,N,15533,317,0.029101,533754,0.029101421,0.328,S,R,0,TEHUACAN,9EX4B,N,-1,N,-1,K0403250820,221
DK,4,I,1411,2018,5,G,G,TXS,4052,2018.05.24,2018.05.24,19:44,20:58,54,99,F0862,0,D-228,D-133,DISTRIBUCION,RED AEREA,N,7326,74,0.013725,533754,0.013725424,0.067,S,R,0,F0862,9FD91,N,-1,N,-1,K0403251382,222
DK,4,I,1399,2018,5,F,X,JUY,4010,2018.05.24,2018.05.25,21:42,17:27,65,27,F3319A,100,D-233,D-133,DISTRIBUCION,RED AEREA,N,31995,1185,0.059943,533754,0.059943345,1.284,S,R,0,F3319A,9L0D8,N,-1,N,-1,K0403188323,223
DK,4,I,1413,2018,5,H,X,IPD,4010,2018.05.25,2018.05.25,08:09,12:29,8,36,F2246-SAN RA,100,D-228,D-145,DISTRIBUCION,RED AEREA,N,9360,260,0.017536,533754,0.017536168,0.035,S,R,0,F2246-SAN RA,9MNTH,N,-1,N,-1,K0403251446,224
DK,4,I,1409,2018,5,G,G,TGU,4080,2018.05.25,2018.05.25,09:08,09:59,130,47,BRISAS 2,0,D-228,D-145,DISTRIBUCION,RED AEREA,N,2397,51,0.004491,533754,0.004490833,0.111,S,R,0,BRISAS 2,9DY7X,N,-1,N,-1,K0403188323,225
DK,4,I,1502,2018,5,G,G,TXS,4020,2018.05.27,2018.05.27,08:34,11:42,233,166,F0820-C.CAMP,0,D-228,D-133,DISTRIBUCION,RED AEREA,N,31208,188,0.058469,533754,0.058468883,0.73,S,R,0,F0820-C.CAMP,QU169,N,-1,N,-1,K0403188323,226
DK,4,I,1429,2018,5,I,X,LMX,4012,2018.05.27,2018.05.27,09:23,13:32,34,36,LLANO GDE,100,D-228,D-145,DISTRIBUCION,RED AEREA,N,8964,249,0.016794,533754,0.016794254,0.141,S,R,0,LLANO GDE,9MNT4,N,-1,N,-1,K0403251896,227
DK,4,I,1432,2018,5,G,G,TGD,4090,2018.05.27,2018.05.28,20:54,02:03,50,1,F0575-OLAM,0,D-228,D-145,DISTRIBUCION,RED AEREA,N,309,309,0.000579,533754,0.000578918,0.258,S,R,0,F0575-OLAM,9FD91,N,-1,N,-1,K0403251939,228
DK,4,I,1461,2018,5,H,X,VFD,4020,2018.05.27,2018.05.27,08:10,10:15,16,64,F2229- 10 TE,100,D-228,D-145,DISTRIBUCION,RED AEREA,N,8000,125,0.014988,533754,0.014988178,0.033,S,R,0,F2229- 10 TE,K188R,N,-1,N,-1,K0403188323,229
DK,4,I,1433,2018,5,G,G,TXN,4020,2018.05.28,2018.05.28,12:25,13:33,125,99,F0626-A.BAJA,0,D-228,D-145,DISTRIBUCION,RED AEREA,N,6732,68,0.012613,533754,0.012612552,0.142,S,R,0,F0626-A.BAJA,9DY7X,N,-1,N,-1,K0403252232,230
DK,4,I,1444,2018,5,G,G,TXS,4040,2018.05.29,2018.05.29,07:11,09:50,100,109,F0220-B.AIRE,0,D-228,D-145,DISTRIBUCION,RED AEREA,N,17331,159,0.03247,533754,0.032470014,0.265,S,R,0,F0220-B.AIRE,9DY7X,N,-1,N,-1,K0403252605,231
DK,4,I,1442,2018,5,G,G,TGU,4050,2018.05.29,2018.05.29,16:44,19:13,90,105,F0366-4ASURP,0,D-228,D-133,DISTRIBUCION,RED AEREA,N,15645,149,0.029311,533754,0.029311256,0.224,S,R,0,F0366-4ASURP,9DY7V,N,-1,N,-1,K0403253431,232
DK,4,I,1499,2018,5,H,X,VFD,4010,2018.05.31,2018.05.31,10:59,12:16,300,1,PLAZA,100,D-228,D-145,DISTRIBUCION,RED AEREA,N,77,77,0.000144,533754,0.000144261,0.385,S,R,0,PLAZA,G431N,N,-1,N,-1,K0403188323,233
DK,4,I,1475,2018,5,G,G,TXS,4020,2018.05.31,2018.05.31,08:33,11:22,90,82,F0829-B.CALI,0,D-228,D-145,DISTRIBUCION,RED AEREA,N,13858,169,0.025963,533754,0.025963271,0.254,S,R,0,F0829-B.CALI,9DY7G,N,-1,N,-1,K0403254340,234
DK,4,I,1474,2018,5,F,X,GIA,5030,2018.05.31,2018.05.31,04:41,07:52,4667,102,LETRAS,100,R-33,R-02A,DISTRIBUCION,REDES SUBTERRANE,N,19482,191,0.0365,533754,0.036499961,14.857,S,T,5030,0,9B55X,N,-1,N,-1,K0403254340,235
